insert into categories (id, name) values(1,  'Camicie');
insert into categories (id, name) values(2,  'Scarpe');
insert into categories (id, name) values(3,  'Pantaloni');
insert into categories (id, name) values(4,  'Jeans');
insert into categories (id, name) values(5,  'Felpe');
insert into categories (id, name) values(6,  'Intimo');
insert into categories (id, name) values(7,  'Giacche');
insert into categories (id, name) values(8,  'Cappotti');
insert into categories (id, name) values(9,  'Polo');
insert into categories (id, name) values(10, 'Completi');

insert into items (id, name, price, quantity, categoryid) values(1 ,'Camicia' ,49.95 , 10, 1);
insert into items (id, name, price, quantity, categoryid) values(2 ,'Sneakers basse' ,120.99 , 24, 2);
insert into items (id, name, price, quantity, categoryid) values(3 ,'Pantaloni sportivi' ,16.99 , 12, 3);
insert into items (id, name, price, quantity, categoryid) values(4 ,'Jeans baggy' ,89.99 , 6, 4);
insert into items (id, name, price, quantity, categoryid) values(5 ,'Felpa con cappuccio' ,49.95 , 33, 5);
insert into items (id, name, price, quantity, categoryid) values(6 ,'Calze' ,54.90 , 15, 6);
insert into items (id, name, price, quantity, categoryid) values(7 ,'Giacca in pile' ,89.99 , 43, 7);
insert into items (id, name, price, quantity, categoryid) values(8 ,'Cappotto corto' ,134.85 , 11, 8);
insert into items (id, name, price, quantity, categoryid) values(9 ,'Polo' ,20.85 , 7, 9);
insert into items (id, name, price, quantity, categoryid) values(10 ,'Completo' ,729.99 , 14, 10);
insert into items (id, name, price, quantity, categoryid) values(11 ,'Camicia' ,34.85 , 6, 1);
insert into items (id, name, price, quantity, categoryid) values(12 ,'Scarpe da barca' ,99.85 , 34, 2);
insert into items (id, name, price, quantity, categoryid) values(13 ,'Pantaloni cargo' ,13.99 , 22, 3);
insert into items (id, name, price, quantity, categoryid) values(14 ,'Shorts di jeans' ,45.99 , 18, 4);
insert into items (id, name, price, quantity, categoryid) values(15 ,'Felpa' ,34.85 , 15, 5);
insert into items (id, name, price, quantity, categoryid) values(16 ,'Slip' ,79.99 , 52, 6);

insert into sizescolors (id, itemid, size, color) values(1 ,1 ,'L' ,'NERO');
insert into sizescolors (id, itemid, size, color) values(2 ,1 ,'L' ,'GIALLO');
insert into sizescolors (id, itemid, size, color) values(3 ,1 ,'L' ,'BIANCO');
insert into sizescolors (id, itemid, size, color) values(4 ,1 ,'XL' ,'MARRONE');
insert into sizescolors (id, itemid, size, color) values(5 ,1 ,'XL' ,'BLU');
insert into sizescolors (id, itemid, size, color) values(6 ,1 ,'XL' ,'ROSSO');
insert into sizescolors (id, itemid, size, color) values(7 ,3 ,'S' ,'BEIGE');
insert into sizescolors (id, itemid, size, color) values(8 ,3 ,'S' ,'VERDE');
insert into sizescolors (id, itemid, size, color) values(9 ,3 ,'S' ,'NERO');
insert into sizescolors (id, itemid, size, color) values(10 ,4 ,'M' ,'BLU');
insert into sizescolors (id, itemid, size, color) values(11 ,4 ,'M' ,'ORO');
insert into sizescolors (id, itemid, size, color) values(12 ,4 ,'M' ,'MARRONE');
insert into sizescolors (id, itemid, size, color) values(13 ,5 ,'XS' ,'AZZURRO');
insert into sizescolors (id, itemid, size, color) values(14 ,5 ,'XS' ,'BIANCO');
insert into sizescolors (id, itemid, size, color) values(15 ,5 ,'XS' ,'VERDE');
insert into sizescolors (id, itemid, size, color) values(16 ,6 ,'L' ,'ORO');
insert into sizescolors (id, itemid, size, color) values(17 ,6 ,'L' ,'NERO');
insert into sizescolors (id, itemid, size, color) values(18 ,6 ,'L' ,'MARRONE');
insert into sizescolors (id, itemid, size, color) values(19 ,7 ,'M' ,'BIANCO');
insert into sizescolors (id, itemid, size, color) values(20 ,7 ,'M' ,'ORO');
insert into sizescolors (id, itemid, size, color) values(21 ,7 ,'M' ,'GIALLO');
insert into sizescolors (id, itemid, size, color) values(22 ,8 ,'XL' ,'OLIVA');
insert into sizescolors (id, itemid, size, color) values(23 ,8 ,'XL' ,'ROSSO');
insert into sizescolors (id, itemid, size, color) values(24 ,8 ,'XL' ,'PETROLIO');
insert into sizescolors (id, itemid, size, color) values(25 ,9 ,'M' ,'VERDE');
insert into sizescolors (id, itemid, size, color) values(26 ,9 ,'M' ,'ROSSO');
insert into sizescolors (id, itemid, size, color) values(27 ,9 ,'M' ,'GIALLO');
insert into sizescolors (id, itemid, size, color) values(28 ,10 ,'S' ,'LILLA');
insert into sizescolors (id, itemid, size, color) values(29 ,10 ,'S' ,'ROSA');
insert into sizescolors (id, itemid, size, color) values(30 ,10 ,'S' ,'BLU');
insert into sizescolors (id, itemid, size, color) values(31 ,3 ,'XL' ,'ARGENTO');
insert into sizescolors (id, itemid, size, color) values(32 ,3 ,'XL' ,'BIANCO');
insert into sizescolors (id, itemid, size, color) values(33 ,3 ,'XL' ,'NERO');
insert into sizescolors (id, itemid, size, color) values(34 ,4 ,'S' ,'GRIGIO');
insert into sizescolors (id, itemid, size, color) values(35 ,4 ,'S' ,'VERDE');
insert into sizescolors (id, itemid, size, color) values(36 ,4 ,'S' ,'ROSA');
insert into sizescolors (id, itemid, size, color) values(37 ,5 ,'L' ,'ARANCIONE');
insert into sizescolors (id, itemid, size, color) values(38 ,6 ,'L' ,'PETROLIO');
insert into sizescolors (id, itemid, size, color) values(39 ,6 ,'L' ,'ROSSO');
insert into sizescolors (id, itemid, size, color) values(40 ,7 ,'S' ,'GRIGIO');
insert into sizescolors (id, itemid, size, color) values(41 ,7 ,'S' ,'BLU');
insert into sizescolors (id, itemid, size, color) values(42 ,7 ,'S' ,'MARRONE');

-- insert into images (id, filepath, itemid) values(1 ,'' ,123);
-- insert into images (id, filepath, itemid) values(1 ,'' ,123);
-- insert into images (id, filepath, itemid) values(1 ,'' ,123);
-- insert into images (id, filepath, itemid) values(1 ,'' ,123);
-- insert into images (id, filepath, itemid) values(1 ,'' ,123);
-- insert into images (id, filepath, itemid) values(1 ,'' ,123);
-- insert into images (id, filepath, itemid) values(1 ,'' ,123);
-- insert into images (id, filepath, itemid) values(1 ,'' ,123);
-- insert into images (id, filepath, itemid) values(1 ,'' ,123);
-- insert into images (id, filepath, itemid) values(1 ,'' ,123);
-- insert into images (id, filepath, itemid) values(1 ,'' ,123);
-- insert into images (id, filepath, itemid) values(1 ,'' ,123);
-- insert into images (id, filepath, itemid) values(1 ,'' ,123);
-- insert into images (id, filepath, itemid) values(1 ,'' ,123);
-- insert into images (id, filepath, itemid) values(1 ,'' ,123);